id,ma_khach_hang,noi_dung_binh_luan,noi_dung_binh_luan_stopword,ngay_binh_luan,gio_binh_luan,so_sao,ma_san_pham,sentiment_label,positive_score,negative_score,sentiment,lenght,day_of_week,time_group,day_group
21576,11,Mùi k thấy thơm mà ngai ngái kiểu đồ rởm là sao nhỉ,mùi không_thấy thơm ngái kiểu đồ_rởm,0022-01-22,21:51,2,232100001,negative,1,1,negative,36,Thursday,2,3
21577,44,Sao mua cây nâu về tô mực nhạt quá luôn ý ạ,nâu tô_mực nhạt,0023-05-16,22:27,3,422207383,neutral,0,0,neutral,15,Sunday,2,3
21578,76,"tớ chỉ đánh giá 7đ vì lông mi chuốt dễ bị lem, ko làm cong mi chỉ giúp mi dài và đen hơn tí",lông_chuốt không_làm giúp đen,0024-11-15,18:40,3,422206346,neutral,0,0,neutral,29,Wednesday,2,2
21579,76,"tớ chỉ đánh giá 7đ vì lông mi chuốt dễ bị lem, ko làm cong mi chỉ giúp mi dài và đen hơn tí",lông_chuốt không_làm giúp đen,0024-11-15,18:40,3,422206346,neutral,0,0,neutral,29,Wednesday,2,2
21580,101,"Hôm nay mình đặt sản phẩm cần đi du lịch gấp, nhưng khui ra sản phẩm bị lỗi và có bọt khí, mình có liên hệ ngay với shop nhưng ko được giải quyết đổi hàng hoặc trả hàng hoàn tiền, thậm chí nhân viên chăm sóc khách hàng còn trả lời rất chậm, do nghi vấn hàng giả?? mình có yêu cầu chứng từ xác minh như giấy công bố và hóa đơn đầu vào nhưng shop cố tình né tránh và ko cung cấp cho mình. Kể từ bây giờ thật sự nghi vấn về nguồn gốc hàng của hasaki.",hôm đi lịch gấp lỗi bọt_khí liên_hệ shop giải_quyết đổi hàng hàng hoàn tiền chăm_sóc khách_hàng trả_lời chậm_vấn hàng giả chứng_từ xác giấy công_bố hóa đơn_đầu_vào shop cố_tình_né_tránh không_cấp thật_sự_vấn nguồn_gốc hàng,0024-07-30,17:39,1,100540031,negative,0,2,negative,222,Sunday,2,3
21581,101,"Hôm nay mình đặt sản phẩm cần đi du lịch gấp, nhưng khui ra sản phẩm bị lỗi và có bọt khí, mình có liên hệ ngay với shop nhưng ko được giải quyết đổi hàng hoặc trả hàng hoàn tiền, thậm chí nhân viên chăm sóc khách hàng còn trả lời rất chậm, do nghi vấn hàng giả?? mình có yêu cầu chứng từ xác minh như giấy công bố và hóa đơn đầu vào nhưng shop cố tình né tránh và ko cung cấp cho mình. Kể từ bây giờ thật sự nghi vấn về nguồn gốc hàng của hasaki.",hôm đi lịch gấp lỗi bọt_khí liên_hệ shop giải_quyết đổi hàng hàng hoàn tiền chăm_sóc khách_hàng trả_lời chậm_vấn hàng giả chứng_từ xác giấy công_bố hóa đơn_đầu_vào shop cố_tình_né_tránh không_cấp thật_sự_vấn nguồn_gốc hàng,0024-07-30,17:39,1,100540031,negative,0,2,negative,222,Sunday,2,3
21582,109,"Mình không hài lòng về hũ Vaseline lip therapy này. Chất vaseline lỏng hơn lọ cũ , đồng thời thấy bọt khí rất nhiều ở đáy hộp. Đơn hàng này mình mua 1 hũ healing jelly thì ưng ý nhưng hũ vaseline lip therapy này thì không.",không_hài_lòng hũ vaseline lip therapy chất vaseline lỏng lọ cũ bọt_khí đáy hộp đơn hàng hũ jely ưng_ý hũ vaseline lip therapy không,0021-11-25,23:22,3,100540031,neutral,2,1,neutral,132,Tuesday,2,3
21583,187,Xuống tone quá nhanh,tông,0022-07-20,23:11,1,422200147,negative,0,0,negative,4,Monday,2,1
21585,193,Tơi mi không vón cục nhưng dễ trôi tầm 2-3 tiếng thôi là lem đen thui rồi .,tơi không_vón_cục trôi tầm tiếng đen,0022-03-31,19:23,3,100740010,neutral,1,2,neutral,36,Tuesday,2,3
21587,193,Tơi mi không vón cục nhưng dễ trôi tầm 2-3 tiếng thôi là lem đen thui rồi .,tơi không_vón_cục trôi tầm tiếng đen,0022-03-31,19:23,3,100740010,neutral,1,2,neutral,36,Tuesday,2,3
21588,201,"Lúc mở hộp son ra thì thấy tem son bị soắn, dán lệch như đã bị khui ra và dán vội lại. Phía trong son thì thấy ở phần quanh viền trên bị dính son. Nhắn tin báo qua app, fb đều không ai rep. Gọi hotline thì bảo nhắn fb. Nói chung là thất vọng",hộp soắn dán lệch dán vội viền dính nhắn báo ap không_rep hotline bảo_nhắn,0024-09-19,20:41,1,230700047,negative,0,2,negative,74,Tuesday,2,3
21589,203,"Màu khá đẹp nhưng nhanh trôi, dễ bị lem",màu đẹp trôi,0023-04-25,14:57,2,230700047,negative,0,0,negative,12,Sunday,2,3
21590,204,Mã màu đúng nhưng màu son bên trong ko phải đỏ đất,mã màu màu đỏ đất,0022-08-10,11:11,3,230700047,neutral,0,0,neutral,17,Monday,2,1
21591,187,Xuống tone quá nhanh,tông,0022-07-20,23:11,1,422207821,negative,0,0,negative,4,Monday,2,1
21592,221,"Ưu điểm: Ngoại hình đẹp, mịn, rẻ Nhược điểm: Kiềm dầu tạm, ko gọi là tốt lắm Nói chung nếu có khả năng hãy chọn loại đắt hơn",ưu_điểm ngoại_hình đẹp mịn rẻ nhược_điểm kiềm dầu tạm không_gọi_là tốt khả_năng đắt,0022-11-30,00:05,3,205600374,neutral,2,1,neutral,83,Monday,3,1
21593,234,"mình sài thấy không hợp í lên môi nó như tách lớp nước lớp dầu, mới bôi mà xíu nó thấm hết trơn phải bôi đi bôi lại",không_hợp môi tách lớp lớp dầu bôi xíu thấm trơn bôi đi bôi,0022-07-11,23:17,3,234300029,neutral,0,1,neutral,59,Saturday,2,1
21594,187,Xuống tone quá nhanh,tông,0022-07-20,23:11,1,205600394,negative,0,0,negative,4,Monday,2,1
21595,270,"Màu A07 Đỏ cam đào mà đánh lên thấy ngả màu hồng cánh sen,nên cân nhắc khi mua màu này nha mọi người.",màu đỏ đào đánh màu hồng_cánh cân_nhắc màu,0024-06-01,10:58,3,422209458,neutral,0,1,neutral,42,Thursday,2,3
21596,101,"Hôm nay mình đặt sản phẩm cần đi du lịch gấp, nhưng khui ra sản phẩm bị lỗi và có bọt khí, mình có liên hệ ngay với shop nhưng ko được giải quyết đổi hàng hoặc trả hàng hoàn tiền, thậm chí nhân viên chăm sóc khách hàng còn trả lời rất chậm, do nghi vấn hàng giả?? mình có yêu cầu chứng từ xác minh như giấy công bố và hóa đơn đầu vào nhưng shop cố tình né tránh và ko cung cấp cho mình. Kể từ bây giờ thật sự nghi vấn về nguồn gốc hàng của hasaki.",hôm đi lịch gấp lỗi bọt_khí liên_hệ shop giải_quyết đổi hàng hàng hoàn tiền chăm_sóc khách_hàng trả_lời chậm_vấn hàng giả chứng_từ xác giấy công_bố hóa đơn_đầu_vào shop cố_tình_né_tránh không_cấp thật_sự_vấn nguồn_gốc hàng,0024-07-30,17:39,1,100540029,negative,0,2,negative,222,Sunday,2,3
21597,109,"Mình không hài lòng về hũ Vaseline lip therapy này. Chất vaseline lỏng hơn lọ cũ , đồng thời thấy bọt khí rất nhiều ở đáy hộp. Đơn hàng này mình mua 1 hũ healing jelly thì ưng ý nhưng hũ vaseline lip therapy này thì không.",không_hài_lòng hũ vaseline lip therapy chất vaseline lỏng lọ cũ bọt_khí đáy hộp đơn hàng hũ jely ưng_ý hũ vaseline lip therapy không,0021-11-25,23:22,3,100540029,neutral,2,1,neutral,132,Tuesday,2,3
21598,304,"Màu khác hình, đậm hơn rất nhiều",màu hình_đậm,0024-08-07,15:50,3,422210231,neutral,0,0,neutral,12,Monday,2,1
21599,25,"Thấy hà linh review phấn này mua về dùng thử. Thấy đánh lên trắng da nhưng kiềm dầu rất tệ, mới đánh có 2 tiếng thôi mà mặt như chảo dầu rồi, ko biết ban ngày mà đổ mồ hôi có bị mốc mặt ko",hà_review phấn thử đánh trắng kiềm dầu tệ đánh tiếng mặt chảo dầu đổ mồ_hôi mốc mặt không,0024-06-25,10:10,2,352100011,negative,0,3,negative,89,Sunday,2,3
21600,187,Xuống tone quá nhanh,tông,0022-07-20,23:11,1,205600391,negative,0,0,negative,4,Monday,2,1
21601,270,"Màu A07 Đỏ cam đào mà đánh lên thấy ngả màu hồng cánh sen,nên cân nhắc khi mua màu này nha mọi người.",màu đỏ đào đánh màu hồng_cánh cân_nhắc màu,0024-06-01,10:58,3,422209464,neutral,0,1,neutral,42,Thursday,2,3
21602,270,"Màu A07 Đỏ cam đào mà đánh lên thấy ngả màu hồng cánh sen,nên cân nhắc khi mua màu này nha mọi người.",màu đỏ đào đánh màu hồng_cánh cân_nhắc màu,0024-06-01,10:58,3,422209478,neutral,0,1,neutral,42,Thursday,2,3
21603,44,Sao mua cây nâu về tô mực nhạt quá luôn ý ạ,nâu tô_mực nhạt,0023-05-16,22:27,3,422207857,neutral,0,0,neutral,15,Sunday,2,3
21604,234,"mình sài thấy không hợp í lên môi nó như tách lớp nước lớp dầu, mới bôi mà xíu nó thấm hết trơn phải bôi đi bôi lại",không_hợp môi tách lớp lớp dầu bôi xíu thấm trơn bôi đi bôi,0022-07-11,23:17,3,234300023,neutral,0,1,neutral,59,Saturday,2,1
21605,318,"Ko thấy có tác dụng gì đáng kể, mùi hắc, cảm giác còn gây khô môi hơn là làm mềm môi vậy.",không_thấy tác_dụng mùi hắc cảm_giác khô_môi mềm_môi,0022-03-07,08:29,2,234300023,negative,0,1,negative,52,Saturday,2,1
21606,320,"Sản phẩm có mùi hơi nồng, ko quá dưỡng ẩm, dị ứng, ai da nhạy cảm coi chừng nha",mùi hơi nồng không_quá dưỡng ẩm_dị_ứng nhạy_cảm chừng,0020-06-07,10:47,1,234300023,negative,0,3,negative,53,Friday,2,2
21607,304,"Màu khác hình, đậm hơn rất nhiều",màu hình_đậm,0024-08-07,15:50,3,422210248,neutral,0,0,neutral,12,Monday,2,1
21608,325,"Đầu chì rất nhanh hỏng, dùng dc vài lần phần chì rớt ra khỏi cây , Chỉ được phần mascara mày thôi. So ra thì giá hơi cao cho 1 sản phẩm chì kẻ mày",đầu chì hỏng chì rớt mascara thôi_thì giá hơi chì,0022-11-04,09:25,3,335500038,neutral,0,2,neutral,49,Wednesday,2,2
21609,326,"Màu đậm, khó chỉnh, dễ trôi. Cân nhắc kỷ khi mua ạ",màu đậm khó_chỉnh trôi cân_nhắc_kỷ,0022-09-16,14:50,3,335500038,neutral,0,1,neutral,34,Wednesday,2,2
21610,329,"Chì dễ kẻ , lên màu đẹp và mướt nhưng màu rất đậm.",chì kẻ màu đẹp mướt màu đậm,0020-11-01,21:54,3,335500038,neutral,0,0,neutral,27,Friday,2,2
21611,201,"Lúc mở hộp son ra thì thấy tem son bị soắn, dán lệch như đã bị khui ra và dán vội lại. Phía trong son thì thấy ở phần quanh viền trên bị dính son. Nhắn tin báo qua app, fb đều không ai rep. Gọi hotline thì bảo nhắn fb. Nói chung là thất vọng",hộp soắn dán lệch dán vội viền dính nhắn báo ap không_rep hotline bảo_nhắn,0024-09-19,20:41,1,230700038,negative,0,2,negative,74,Tuesday,2,3
21612,203,"Màu khá đẹp nhưng nhanh trôi, dễ bị lem",màu đẹp trôi,0023-04-25,14:57,2,230700038,negative,0,0,negative,12,Sunday,2,3
21613,204,Mã màu đúng nhưng màu son bên trong ko phải đỏ đất,mã màu màu đỏ đất,0022-08-10,11:11,3,230700038,neutral,0,0,neutral,17,Monday,2,1
21614,234,"mình sài thấy không hợp í lên môi nó như tách lớp nước lớp dầu, mới bôi mà xíu nó thấm hết trơn phải bôi đi bôi lại",không_hợp môi tách lớp lớp dầu bôi xíu thấm trơn bôi đi bôi,0022-07-11,23:17,3,422206752,neutral,0,1,neutral,59,Saturday,2,1
21615,318,"Ko thấy có tác dụng gì đáng kể, mùi hắc, cảm giác còn gây khô môi hơn là làm mềm môi vậy.",không_thấy tác_dụng mùi hắc cảm_giác khô_môi mềm_môi,0022-03-07,08:29,2,422206752,negative,0,1,negative,52,Saturday,2,1
21616,320,"Sản phẩm có mùi hơi nồng, ko quá dưỡng ẩm, dị ứng, ai da nhạy cảm coi chừng nha",mùi hơi nồng không_quá dưỡng ẩm_dị_ứng nhạy_cảm chừng,0020-06-07,10:47,1,422206752,negative,0,3,negative,53,Friday,2,2
21617,187,Xuống tone quá nhanh,tông,0022-07-20,23:11,1,422200148,negative,0,0,negative,4,Monday,2,1
21618,221,"Ưu điểm: Ngoại hình đẹp, mịn, rẻ Nhược điểm: Kiềm dầu tạm, ko gọi là tốt lắm Nói chung nếu có khả năng hãy chọn loại đắt hơn",ưu_điểm ngoại_hình đẹp mịn rẻ nhược_điểm kiềm dầu tạm không_gọi_là tốt khả_năng đắt,0022-11-30,00:05,3,205600375,neutral,2,1,neutral,83,Monday,3,1
21619,101,"Hôm nay mình đặt sản phẩm cần đi du lịch gấp, nhưng khui ra sản phẩm bị lỗi và có bọt khí, mình có liên hệ ngay với shop nhưng ko được giải quyết đổi hàng hoặc trả hàng hoàn tiền, thậm chí nhân viên chăm sóc khách hàng còn trả lời rất chậm, do nghi vấn hàng giả?? mình có yêu cầu chứng từ xác minh như giấy công bố và hóa đơn đầu vào nhưng shop cố tình né tránh và ko cung cấp cho mình. Kể từ bây giờ thật sự nghi vấn về nguồn gốc hàng của hasaki.",hôm đi lịch gấp lỗi bọt_khí liên_hệ shop giải_quyết đổi hàng hàng hoàn tiền chăm_sóc khách_hàng trả_lời chậm_vấn hàng giả chứng_từ xác giấy công_bố hóa đơn_đầu_vào shop cố_tình_né_tránh không_cấp thật_sự_vấn nguồn_gốc hàng,0024-07-30,17:39,1,100540077,negative,0,2,negative,222,Sunday,2,3
21620,109,"Mình không hài lòng về hũ Vaseline lip therapy này. Chất vaseline lỏng hơn lọ cũ , đồng thời thấy bọt khí rất nhiều ở đáy hộp. Đơn hàng này mình mua 1 hũ healing jelly thì ưng ý nhưng hũ vaseline lip therapy này thì không.",không_hài_lòng hũ vaseline lip therapy chất vaseline lỏng lọ cũ bọt_khí đáy hộp đơn hàng hũ jely ưng_ý hũ vaseline lip therapy không,0021-11-25,23:22,3,100540077,neutral,2,1,neutral,132,Tuesday,2,3
21621,355,sản phẩm dùng oke hay không thì chưa biết nhưng giao cho mình sản phẩm mà dán keo lại miếng mút tán phấn ở trong dính phấn đã qua sử dụng và bụi phấn còn trong đó ở ngoài trầy xước rất nhiều . Mình rất không hài lòng khi nhận được sản phẩm này.,ổn không_thì dán mút tán_phấn dính phấn bụi_phấn trầy_xước không_hài_lòng,0021-12-24,20:37,3,205600273,neutral,2,1,neutral,73,Wednesday,2,2
21622,25,"Thấy hà linh review phấn này mua về dùng thử. Thấy đánh lên trắng da nhưng kiềm dầu rất tệ, mới đánh có 2 tiếng thôi mà mặt như chảo dầu rồi, ko biết ban ngày mà đổ mồ hôi có bị mốc mặt ko",hà_review phấn thử đánh trắng kiềm dầu tệ đánh tiếng mặt chảo dầu đổ mồ_hôi mốc mặt không,0024-06-25,10:10,2,352100009,negative,0,3,negative,89,Sunday,2,3
21623,270,"Màu A07 Đỏ cam đào mà đánh lên thấy ngả màu hồng cánh sen,nên cân nhắc khi mua màu này nha mọi người.",màu đỏ đào đánh màu hồng_cánh cân_nhắc màu,0024-06-01,10:58,3,422209470,neutral,0,1,neutral,42,Thursday,2,3
21624,201,"Lúc mở hộp son ra thì thấy tem son bị soắn, dán lệch như đã bị khui ra và dán vội lại. Phía trong son thì thấy ở phần quanh viền trên bị dính son. Nhắn tin báo qua app, fb đều không ai rep. Gọi hotline thì bảo nhắn fb. Nói chung là thất vọng",hộp soắn dán lệch dán vội viền dính nhắn báo ap không_rep hotline bảo_nhắn,0024-09-19,20:41,1,230700039,negative,0,2,negative,74,Tuesday,2,3
21625,203,"Màu khá đẹp nhưng nhanh trôi, dễ bị lem",màu đẹp trôi,0023-04-25,14:57,2,230700039,negative,0,0,negative,12,Sunday,2,3
21626,204,Mã màu đúng nhưng màu son bên trong ko phải đỏ đất,mã màu màu đỏ đất,0022-08-10,11:11,3,230700039,neutral,0,0,neutral,17,Monday,2,1
21627,355,sản phẩm dùng oke hay không thì chưa biết nhưng giao cho mình sản phẩm mà dán keo lại miếng mút tán phấn ở trong dính phấn đã qua sử dụng và bụi phấn còn trong đó ở ngoài trầy xước rất nhiều . Mình rất không hài lòng khi nhận được sản phẩm này.,ổn không_thì dán mút tán_phấn dính phấn bụi_phấn trầy_xước không_hài_lòng,0021-12-24,20:37,3,205600173,neutral,2,1,neutral,73,Wednesday,2,2
21628,325,"Đầu chì rất nhanh hỏng, dùng dc vài lần phần chì rớt ra khỏi cây , Chỉ được phần mascara mày thôi. So ra thì giá hơi cao cho 1 sản phẩm chì kẻ mày",đầu chì hỏng chì rớt mascara thôi_thì giá hơi chì,0022-11-04,09:25,3,335500037,neutral,0,2,neutral,49,Wednesday,2,2
21629,326,"Màu đậm, khó chỉnh, dễ trôi. Cân nhắc kỷ khi mua ạ",màu đậm khó_chỉnh trôi cân_nhắc_kỷ,0022-09-16,14:50,3,335500037,neutral,0,1,neutral,34,Wednesday,2,2
21630,329,"Chì dễ kẻ , lên màu đẹp và mướt nhưng màu rất đậm.",chì kẻ màu đẹp mướt màu đậm,0020-11-01,21:54,3,335500037,neutral,0,0,neutral,27,Friday,2,2
21632,389,"Màu đất nhiều hơn màu đỏ (bên phải) Chất son dày, bám không tốt, sau ăn uống bay toàn bộ son lòng môi không còn gì Hỏi có mua lại hay giới thiệu cho bb không: nố nồ",màu đất màu đỏ chất dày bám không_tốt ăn_uống toàn_bộ_lòng môi giới_thiệu không_nố,0022-08-24,08:59,1,422206309,negative,1,1,negative,82,Monday,2,1
21633,390,Son không bám môi màu không đúng chuẩn,không_bám môi màu không_đúng chuẩn,0022-02-12,18:12,1,422206309,negative,0,0,negative,34,Thursday,2,3
21634,393,Thấy mn rv tốt quá mình mua theo mà loại này lâu trôi thì lâu trôi thiệt nhưng mà ngòi bút nhanh bị khô với kẻ ra mực không đều,tốt trôi trôi thiệt_nhưng_mà ngòi_bút khô kẻ_mực,0024-01-15,10:59,3,367800049,neutral,1,0,neutral,48,Saturday,2,1
21635,431,"hàng tốt, nâng tone, nhưng giá hơi cao",hàng tốt nâng tone giá hơi,0021-01-09,06:40,3,422227295,neutral,1,0,neutral,26,Thursday,1,3
21636,432,"Da trung bình ,nhưg đánh lên qá sáng ,mau xuống tone ,tạm được thôi",bình nhưg đánh tông tạm,0024-09-02,13:40,3,422215409,neutral,0,2,neutral,23,Saturday,2,1
21637,201,"Lúc mở hộp son ra thì thấy tem son bị soắn, dán lệch như đã bị khui ra và dán vội lại. Phía trong son thì thấy ở phần quanh viền trên bị dính son. Nhắn tin báo qua app, fb đều không ai rep. Gọi hotline thì bảo nhắn fb. Nói chung là thất vọng",hộp soắn dán lệch dán vội viền dính nhắn báo ap không_rep hotline bảo_nhắn,0024-09-19,20:41,1,230700045,negative,0,2,negative,74,Tuesday,2,3
21638,203,"Màu khá đẹp nhưng nhanh trôi, dễ bị lem",màu đẹp trôi,0023-04-25,14:57,2,230700045,negative,0,0,negative,12,Sunday,2,3
21639,204,Mã màu đúng nhưng màu son bên trong ko phải đỏ đất,mã màu màu đỏ đất,0022-08-10,11:11,3,230700045,neutral,0,0,neutral,17,Monday,2,1
21640,480,"son dưỡng này chỉ có tác dụng lúc bôi để đỡ khô. xong trôi rồi thì ko thấy dưỡng ẩm hay mềm môi gì nữa. giá rẻ nhưng chất son mềm, dùng nhanh hết",dưỡng bôi khô trôi không_thấy dưỡng ẩm_mềm_môi giá rẻ chất mềm,0022-10-18,20:11,3,208200021,neutral,1,0,neutral,62,Sunday,2,3
21641,481,Xài ổn,ổn,0022-06-11,18:22,3,208200021,neutral,1,0,neutral,2,Thursday,2,3
21642,494,"Chì khô, đầu mảnh, dễ kẻ nhưng cũng dễ trôi. Chì giòn, rất dễ gãy. Mình bị gãy hai lần là hết luôn cái bút. Điểm cộng là màu khá đẹp, sáng da, đặc biệt là với ai nhuộm tóc màu chocolate!",chì khô đầu mảnh trôi chì giòn gãy gãy bút cộng màu đẹp nhuộm tóc màu,0022-05-06,10:21,3,205600318,neutral,0,0,neutral,69,Wednesday,2,2
21643,349,Ruột bút rất khô nên hơi khó kẻ. Để màu nâu sáng nhưng kẻ lên thấy giống màu vàng đồng nhiều hơn.,ruột bút khô hơi màu nâu kẻ màu vàng đồng,0019-10-06,15:49,2,205600318,negative,0,0,negative,41,Friday,2,2
21644,221,"Ưu điểm: Ngoại hình đẹp, mịn, rẻ Nhược điểm: Kiềm dầu tạm, ko gọi là tốt lắm Nói chung nếu có khả năng hãy chọn loại đắt hơn",ưu_điểm ngoại_hình đẹp mịn rẻ nhược_điểm kiềm dầu tạm không_gọi_là tốt khả_năng đắt,0022-11-30,00:05,3,205600371,neutral,2,1,neutral,83,Monday,3,1
21645,499,Sản phẩm dùng ko tốt như vaseline. Càng dùng môi càng bị nứt nẻ. Dùng đc nửa cây thì vứt,không_tốt vaseline môi nứt_nẻ nửa vứt,0022-06-15,10:39,1,422209376,negative,1,1,negative,37,Monday,2,1
21646,501,bấm khó lâu ko cong được hết mi,bấm,0024-10-28,08:33,2,100750024,negative,0,0,negative,3,Saturday,2,1
21647,502,Bấm k đc 2 cái bằng nhau bấm k cong nổi mi,bấm không_được_cái bấm không_nổi,0024-07-02,02:19,2,100750024,negative,0,0,negative,32,Sunday,1,3
21648,504,"kẹp không cong mi, mình cố kẹp nhiều lần nhưng mi vẫn chỉ lên một chút, k cong nổi, nhỏ xinh tiền thiệt mà dùng k đc:(",kẹp không_mình cố kẹp không_nổi tiền không_đc,0023-03-08,16:17,3,100750024,neutral,0,0,neutral,45,Monday,2,1
21649,360,Có cong tầm 1 tiếng.,tầm tiếng,0022-05-25,18:11,3,100750024,neutral,0,0,neutral,9,Monday,2,1
21650,501,bấm khó lâu ko cong được hết mi,bấm,0024-10-28,08:33,2,100750024,negative,0,0,negative,3,Saturday,2,1
21651,502,Bấm k đc 2 cái bằng nhau bấm k cong nổi mi,bấm không_được_cái bấm không_nổi,0024-07-02,02:19,2,100750024,negative,0,0,negative,32,Sunday,1,3
21652,513,Ra mồ hôi là bị lem,mồ_hôi,0022-08-29,13:25,1,422207463,negative,0,1,negative,6,Saturday,2,1
21653,360,Độ che phủ không cao. Chấm lên vẫn còn nhìn thấy thâm.,độ phủ không_chấm thâm,0022-07-11,20:17,1,100610004,negative,0,0,negative,22,Saturday,2,1
21654,617,Tốt,tốt,0018-04-02,14:21,3,100610004,neutral,1,0,neutral,3,Saturday,2,1
21656,389,"Màu đất nhiều hơn màu đỏ (bên phải) Chất son dày, bám không tốt, sau ăn uống bay toàn bộ son lòng môi không còn gì Hỏi có mua lại hay giới thiệu cho bb không: nố nồ",màu đất màu đỏ chất dày bám không_tốt ăn_uống toàn_bộ_lòng môi giới_thiệu không_nố,0022-08-24,08:59,1,422206311,negative,1,1,negative,82,Monday,2,1
21657,390,Son không bám môi màu không đúng chuẩn,không_bám môi màu không_đúng chuẩn,0022-02-12,18:12,1,422206311,negative,0,0,negative,34,Thursday,2,3
21658,675,Dùng chán lắm luôn . Mà còn thâm hơn nữa chứ . Tệ hơn nửa sao,chán mà_còn thâm_hơn_nữa tệ nửa,0022-03-27,23:20,1,331300010,negative,0,3,negative,31,Friday,2,2
21659,325,"Đầu chì rất nhanh hỏng, dùng dc vài lần phần chì rớt ra khỏi cây , Chỉ được phần mascara mày thôi. So ra thì giá hơi cao cho 1 sản phẩm chì kẻ mày",đầu chì hỏng chì rớt mascara thôi_thì giá hơi chì,0022-11-04,09:25,3,422200277,neutral,0,2,neutral,49,Wednesday,2,2
21660,326,"Màu đậm, khó chỉnh, dễ trôi. Cân nhắc kỷ khi mua ạ",màu đậm khó_chỉnh trôi cân_nhắc_kỷ,0022-09-16,14:50,3,422200277,neutral,0,1,neutral,34,Wednesday,2,2
21661,329,"Chì dễ kẻ , lên màu đẹp và mướt nhưng màu rất đậm.",chì kẻ màu đẹp mướt màu đậm,0020-11-01,21:54,3,422200277,neutral,0,0,neutral,27,Friday,2,2
21662,480,"son dưỡng này chỉ có tác dụng lúc bôi để đỡ khô. xong trôi rồi thì ko thấy dưỡng ẩm hay mềm môi gì nữa. giá rẻ nhưng chất son mềm, dùng nhanh hết",dưỡng bôi khô trôi không_thấy dưỡng ẩm_mềm_môi giá rẻ chất mềm,0022-10-18,20:11,3,422219312,neutral,1,0,neutral,62,Sunday,2,3
21663,481,Xài ổn,ổn,0022-06-11,18:22,3,422219312,neutral,1,0,neutral,2,Thursday,2,3
21664,480,"son dưỡng này chỉ có tác dụng lúc bôi để đỡ khô. xong trôi rồi thì ko thấy dưỡng ẩm hay mềm môi gì nữa. giá rẻ nhưng chất son mềm, dùng nhanh hết",dưỡng bôi khô trôi không_thấy dưỡng ẩm_mềm_môi giá rẻ chất mềm,0022-10-18,20:11,3,208200018,neutral,1,0,neutral,62,Sunday,2,3
21665,481,Xài ổn,ổn,0022-06-11,18:22,3,208200018,neutral,1,0,neutral,2,Thursday,2,3
21666,282,dùng OK dễ sử dụng nên mua,ổn,0022-01-04,12:12,3,100760009,neutral,2,0,neutral,2,Sunday,2,3
21667,706,"vỏ đẹp mẫu mã đẹp thôi, chớ vẽ lên ko oke, mực ra không đều. quá nhạt.",vỏ đẹp mẫu_mã đẹp vẽ không_mực không_đều nhạt,0024-08-09,10:52,2,422215813,negative,0,1,negative,45,Wednesday,2,2
21668,389,"Màu đất nhiều hơn màu đỏ (bên phải) Chất son dày, bám không tốt, sau ăn uống bay toàn bộ son lòng môi không còn gì Hỏi có mua lại hay giới thiệu cho bb không: nố nồ",màu đất màu đỏ chất dày bám không_tốt ăn_uống toàn_bộ_lòng môi giới_thiệu không_nố,0022-08-24,08:59,1,422206308,negative,1,1,negative,82,Monday,2,1
21669,390,Son không bám môi màu không đúng chuẩn,không_bám môi màu không_đúng chuẩn,0022-02-12,18:12,1,422206308,negative,0,0,negative,34,Thursday,2,3
21670,389,"Màu đất nhiều hơn màu đỏ (bên phải) Chất son dày, bám không tốt, sau ăn uống bay toàn bộ son lòng môi không còn gì Hỏi có mua lại hay giới thiệu cho bb không: nố nồ",màu đất màu đỏ chất dày bám không_tốt ăn_uống toàn_bộ_lòng môi giới_thiệu không_nố,0022-08-24,08:59,1,422206307,negative,1,1,negative,82,Monday,2,1
21671,390,Son không bám môi màu không đúng chuẩn,không_bám môi màu không_đúng chuẩn,0022-02-12,18:12,1,422206307,negative,0,0,negative,34,Thursday,2,3
21672,431,"hàng tốt, nâng tone, nhưng giá hơi cao",hàng tốt nâng tone giá hơi,0021-01-09,06:40,3,422227296,neutral,1,0,neutral,26,Thursday,1,3
21673,738,môi mình thuộc dạng cực khô bôi lên chỉ mềm môi lúc đầu thui nói chung chẳng có hiệu quả với mình,môi dạng cực khô bôi mềm_môi đầu hiệu_quả,0019-05-27,14:47,3,100540061,neutral,1,0,neutral,41,Saturday,2,1
21674,201,"Lúc mở hộp son ra thì thấy tem son bị soắn, dán lệch như đã bị khui ra và dán vội lại. Phía trong son thì thấy ở phần quanh viền trên bị dính son. Nhắn tin báo qua app, fb đều không ai rep. Gọi hotline thì bảo nhắn fb. Nói chung là thất vọng",hộp soắn dán lệch dán vội viền dính nhắn báo ap không_rep hotline bảo_nhắn,0024-09-19,20:41,1,230700040,negative,0,2,negative,74,Tuesday,2,3
21675,203,"Màu khá đẹp nhưng nhanh trôi, dễ bị lem",màu đẹp trôi,0023-04-25,14:57,2,230700040,negative,0,0,negative,12,Sunday,2,3
21676,204,Mã màu đúng nhưng màu son bên trong ko phải đỏ đất,mã màu màu đỏ đất,0022-08-10,11:11,3,230700040,neutral,0,0,neutral,17,Monday,2,1
21677,260,màu son đẹp. nhưng mình lại bị khô môi.,màu đẹp khô môi,0022-12-08,15:26,3,367800153,neutral,0,0,neutral,15,Tuesday,2,3
21678,25,"Thấy hà linh review phấn này mua về dùng thử. Thấy đánh lên trắng da nhưng kiềm dầu rất tệ, mới đánh có 2 tiếng thôi mà mặt như chảo dầu rồi, ko biết ban ngày mà đổ mồ hôi có bị mốc mặt ko",hà_review phấn thử đánh trắng kiềm dầu tệ đánh tiếng mặt chảo dầu đổ mồ_hôi mốc mặt không,0024-06-25,10:10,2,352100012,negative,0,3,negative,89,Sunday,2,3
21679,221,"Ưu điểm: Ngoại hình đẹp, mịn, rẻ Nhược điểm: Kiềm dầu tạm, ko gọi là tốt lắm Nói chung nếu có khả năng hãy chọn loại đắt hơn",ưu_điểm ngoại_hình đẹp mịn rẻ nhược_điểm kiềm dầu tạm không_gọi_là tốt khả_năng đắt,0022-11-30,00:05,3,205600372,neutral,2,1,neutral,83,Monday,3,1
21680,192,Phấn mau trôi,phấn trôi,0022-10-24,23:14,1,248700107,negative,0,0,negative,9,Saturday,2,1
21681,786,Lên môi là màu đỏ chery chứ k phải đỏ cam . Khá thất vọng vì m ko hợp mà đỏ chery,môi màu đỏ đỏ thất_vọng không_hợp đỏ,0019-12-05,10:18,1,343100005,negative,0,2,negative,36,Tuesday,2,3
21682,786,Lên môi là màu đỏ chery chứ k phải đỏ cam . Khá thất vọng vì m ko hợp mà đỏ chery,môi màu đỏ đỏ thất_vọng không_hợp đỏ,0019-12-05,10:18,1,343100004,negative,0,2,negative,36,Tuesday,2,3
21683,798,"Không như mong đợi, sp quảng cáo hơi lố, k đc như quảng cáo. Sử dụng bị vốn cục. Chỉ đc cái lâu trôi. Hasiki nên tham khảo lại sp",không_như đợi quảng_cáo hơi lố quảng_cáo vốn chỉ_được_cái trôi hasiki khảo,0022-02-13,15:43,2,205600398,negative,0,1,negative,74,Friday,2,2
21684,800,Mascara bị vón cục mua tốn tiền rất bực mình. Thường xuyên mua đồ từ hasaki lần đầu tiên trải nghiệm chất lượng sản phẩm tệ như vậy,mascara vón cục tốn tiền bực_mình thường_xuyên_đồ trải_nghiệm chất_lượng sản_phẩm_tệ,0020-11-29,20:17,1,205600398,negative,1,3,negative,84,Friday,2,2
21685,804,"Chất son mịn nhưng ko lì mọi người ơi, uống nước thôi cũng trôi hết son",chất mịn không_lì uống trôi,0023-02-27,08:12,3,422211226,neutral,1,1,neutral,27,Saturday,2,1
21686,816,SP dễ kẻ nhưng trôi nhanh như một cơn gió. Sơ hở là bay màu. MN cân nhắc nhé,trôi gió sơ_hở màu cân_nhắc,0022-12-10,13:20,2,343100027,negative,0,1,negative,27,Thursday,2,3
21687,818,"Mực mau nhạt không đều màu, hơi thất vọng",mực nhạt không_đều màu hơi,0022-07-09,13:20,3,343100027,neutral,0,1,neutral,26,Thursday,2,3
21688,827,"hôm kia cần nên mua gấp. mua về xài thì k thích và sẽ k bao giờ mua lại. phấn vỏ hộp nhựa k gương, phấn k màu nhưng lên mặt ra màu trắng ko tự nhiên chút nào. kiềm dầu ko tốt.",hôm gấp không_thích không_giờ phấn_vỏ hộp nhựa không_gương_phấn không_màu lên_mặt màu trắng không_tự_nhiên chút kiềm dầu,0022-10-05,20:05,2,422203512,negative,2,2,negative,120,Monday,2,1
21689,828,khong ok lắm,ổn,0022-08-22,09:38,3,422203512,neutral,1,0,neutral,2,Saturday,2,1
21690,831,Như phấn rôm e bé,phấn_rôm bé,0022-07-18,13:13,3,422203512,neutral,0,0,neutral,11,Saturday,2,1
21691,282,dùng OK dễ sử dụng nên mua,ổn,0022-01-04,12:12,3,422204929,neutral,2,0,neutral,2,Sunday,2,3
21692,834,"Giấy thấm dầu qá mỏng nên khá dễ rách ,dùng 1 lần khoảng 2-3 tờ mới đủ",giấy_thấm dầu mỏng rách tờ,0017-08-23,03:42,2,422204929,negative,0,0,negative,26,Monday,1,1
21693,389,"Màu đất nhiều hơn màu đỏ (bên phải) Chất son dày, bám không tốt, sau ăn uống bay toàn bộ son lòng môi không còn gì Hỏi có mua lại hay giới thiệu cho bb không: nố nồ",màu đất màu đỏ chất dày bám không_tốt ăn_uống toàn_bộ_lòng môi giới_thiệu không_nố,0022-08-24,08:59,1,422206310,negative,1,1,negative,82,Monday,2,1
21694,390,Son không bám môi màu không đúng chuẩn,không_bám môi màu không_đúng chuẩn,0022-02-12,18:12,1,422206310,negative,0,0,negative,34,Thursday,2,3
21695,302,"cũng bình thường, mùi thơm siêu cấp thơm nma không đủ đô với da môi mình, sẽ hong mua lại",bình_thường mùi thơm siêu_cấp thơm_nma không_đủ đô môi,0023-04-04,08:00,3,100540040,neutral,2,0,neutral,54,Sunday,2,3
21696,838,Thơm màu đẹp nhưng mà dùng xong thâm môi,thơm màu đẹp thâm_môi,0022-10-14,20:30,3,100540040,neutral,1,0,neutral,21,Wednesday,2,2
21697,481,Tạm được,tạm,0022-06-11,18:22,3,100540040,neutral,0,1,neutral,3,Thursday,2,3
21698,302,"cũng bình thường, mùi thơm siêu cấp thơm nma không đủ đô với da môi mình, sẽ hong mua lại",bình_thường mùi thơm siêu_cấp thơm_nma không_đủ đô môi,0023-04-04,08:00,3,100540040,neutral,2,0,neutral,54,Sunday,2,3
21699,816,SP dễ kẻ nhưng trôi nhanh như một cơn gió. Sơ hở là bay màu. MN cân nhắc nhé,trôi gió sơ_hở màu cân_nhắc,0022-12-10,13:20,2,343100026,negative,0,1,negative,27,Thursday,2,3
21700,818,"Mực mau nhạt không đều màu, hơi thất vọng",mực nhạt không_đều màu hơi,0022-07-09,13:20,3,343100026,neutral,0,1,neutral,26,Thursday,2,3
21701,432,"Da trung bình ,nhưg đánh lên qá sáng ,mau xuống tone ,tạm được thôi",bình nhưg đánh tông tạm,0024-09-02,13:40,3,422215410,neutral,0,2,neutral,23,Saturday,2,1
21702,865,"màu đỏ hồng chứ ko có miếng nào cam, độ bóng khá nhiều",màu đỏ_hồng miếng độ bóng,0024-05-04,16:20,3,422214311,neutral,0,0,neutral,25,Thursday,2,3
21703,865,"màu đỏ hồng chứ ko có miếng nào cam, độ bóng khá nhiều",màu đỏ_hồng miếng độ bóng,0024-05-04,16:20,3,422214311,neutral,0,0,neutral,25,Thursday,2,3
21704,875,"son lên màu tươi hơn trong hình nhiều, màu DL03 thì sắc cam nhiều hơn, ko thấy nâu lắm.",màu tươi hình màu sắc không_thấy nâu,0023-05-15,14:36,3,422209489,neutral,0,0,neutral,36,Saturday,2,1
21705,270,"Màu A07 Đỏ cam đào mà đánh lên thấy ngả màu hồng cánh sen,nên cân nhắc khi mua màu này nha mọi người.",màu đỏ đào đánh màu hồng_cánh cân_nhắc màu,0024-06-01,10:58,3,422209477,neutral,0,1,neutral,42,Thursday,2,3
21706,892,"theo mình thì kem này phù hợp với da dầu hơn, bôi lên da bị mốc ( mình dùng 1 lượng nhỏ) ,da mình dưỡng ẩm sáng lẫn tối nhưng đánh vẫn mốc ko tệp da",dầu bôi mốc dưỡng ẩm_sáng tối đánh mốc,0023-01-05,13:38,3,367800168,neutral,2,1,neutral,38,Tuesday,2,3
21707,270,"Màu A07 Đỏ cam đào mà đánh lên thấy ngả màu hồng cánh sen,nên cân nhắc khi mua màu này nha mọi người.",màu đỏ đào đánh màu hồng_cánh cân_nhắc màu,0024-06-01,10:58,3,422209467,neutral,0,1,neutral,42,Thursday,2,3
21708,25,"Thấy hà linh review phấn này mua về dùng thử. Thấy đánh lên trắng da nhưng kiềm dầu rất tệ, mới đánh có 2 tiếng thôi mà mặt như chảo dầu rồi, ko biết ban ngày mà đổ mồ hôi có bị mốc mặt ko",hà_review phấn thử đánh trắng kiềm dầu tệ đánh tiếng mặt chảo dầu đổ mồ_hôi mốc mặt không,0024-06-25,10:10,2,352100010,negative,0,3,negative,89,Sunday,2,3
21709,921,Che khuyết điểm thì không chuẩn ạ 100% thì chỉ được 60% Màu 10 lên da trắng như bạch tạng luôn,khuyết_điểm không_chuẩn màu trắng bạch_tạng,0024-01-26,06:53,3,422215412,neutral,0,0,neutral,43,Wednesday,1,2
21710,192,Phấn mau trôi,phấn trôi,0022-10-24,23:14,1,248700106,negative,0,0,negative,9,Saturday,2,1
21711,355,sản phẩm dùng oke hay không thì chưa biết nhưng giao cho mình sản phẩm mà dán keo lại miếng mút tán phấn ở trong dính phấn đã qua sử dụng và bụi phấn còn trong đó ở ngoài trầy xước rất nhiều . Mình rất không hài lòng khi nhận được sản phẩm này.,ổn không_thì dán mút tán_phấn dính phấn bụi_phấn trầy_xước không_hài_lòng,0021-12-24,20:37,3,205600087,neutral,2,1,neutral,73,Wednesday,2,2
21712,942,"Kem giúp nâng tone nhưng không chống thấm, dễ trôi kem, và làm khô da",giúp nâng_tông không_chống thấm trôi khô,0022-03-14,23:41,3,343100025,neutral,1,0,neutral,40,Saturday,2,1
21713,480,"son dưỡng này chỉ có tác dụng lúc bôi để đỡ khô. xong trôi rồi thì ko thấy dưỡng ẩm hay mềm môi gì nữa. giá rẻ nhưng chất son mềm, dùng nhanh hết",dưỡng bôi khô trôi không_thấy dưỡng ẩm_mềm_môi giá rẻ chất mềm,0022-10-18,20:11,3,208200020,neutral,1,0,neutral,62,Sunday,2,3
21714,481,Xài ổn,ổn,0022-06-11,18:22,3,208200020,neutral,1,0,neutral,2,Thursday,2,3
21715,950,"thấy ghi màu 21 cho da sáng hồng. cơ mà đánh lên thấy da hơi tối. còn lại chất kem mỏng nhẹ, tự nhiên, che phủ tương đối. vì k hợp màu da nên đành bye bye. thật tiếc",màu đánh hơi tối chất mỏng nhẹ tự_nhiên phủ tương_đối không_hợp màu đành bye_bye tiếc,0019-04-18,00:19,3,352100003,neutral,0,1,neutral,85,Tuesday,3,3
21716,809,"Màu 22 trắng như màu 21 mấy cái cushion luôn, đánh xong shock, mặt trắng như ma, mà đánh lên dày và rít nữa, biết vậy đi ra cửa hàng test trước, mua 2 lõi luôn",màu trắng màu cushion đánh_mặt trắng đánh dày rít đi cửa_hàng_test lõi,0022-10-16,09:51,3,422207874,neutral,0,0,neutral,70,Friday,2,2
21717,302,"cũng bình thường, mùi thơm siêu cấp thơm nma không đủ đô với da môi mình, sẽ hong mua lại",bình_thường mùi thơm siêu_cấp thơm_nma không_đủ đô môi,0023-04-04,08:00,3,100540086,neutral,2,0,neutral,54,Sunday,2,3
21718,838,Thơm màu đẹp nhưng mà dùng xong thâm môi,thơm màu đẹp thâm_môi,0022-10-14,20:30,3,100540086,neutral,1,0,neutral,21,Wednesday,2,2
21719,481,Tạm được,tạm,0022-06-11,18:22,3,100540086,neutral,0,1,neutral,3,Thursday,2,3
21720,302,"cũng bình thường, mùi thơm siêu cấp thơm nma không đủ đô với da môi mình, sẽ hong mua lại",bình_thường mùi thơm siêu_cấp thơm_nma không_đủ đô môi,0023-04-04,08:00,3,100540086,neutral,2,0,neutral,54,Sunday,2,3
21721,865,"màu đỏ hồng chứ ko có miếng nào cam, độ bóng khá nhiều",màu đỏ_hồng miếng độ bóng,0024-05-04,16:20,3,333900008,neutral,0,0,neutral,25,Thursday,2,3
21722,865,"màu đỏ hồng chứ ko có miếng nào cam, độ bóng khá nhiều",màu đỏ_hồng miếng độ bóng,0024-05-04,16:20,3,333900008,neutral,0,0,neutral,25,Thursday,2,3
21723,921,Che khuyết điểm thì không chuẩn ạ 100% thì chỉ được 60% Màu 10 lên da trắng như bạch tạng luôn,khuyết_điểm không_chuẩn màu trắng bạch_tạng,0024-01-26,06:53,3,422215411,neutral,0,0,neutral,43,Wednesday,1,2
21724,963,Mình không biết các bạn khác có bị không nhưng mình vừa mở hộp ra thấy mùi khắm khắm kì kì. Lần đầu dùng nên chưa biết chất lượng như thế nào. Nhưng riêng phần mùi là thấy 1* rồi. Không biết là sản phẩm có bị lỗi không nữa.,không_nhưng hộp mùi khắm_khắm đầu chất_lượng mùi lỗi,0022-08-29,09:59,2,249400129,negative,1,2,negative,52,Saturday,2,1
21725,969,Sử dụng 1 lần cạo được cặp chân mày mà hết bén ròi cạo hông đứt nữa,cạo chân_mày bén_ròi cạo không_đứt,0022-04-21,19:06,3,422207108,neutral,0,0,neutral,34,Tuesday,2,3
21726,804,"Chất son mịn nhưng ko lì mọi người ơi, uống nước thôi cũng trôi hết son",chất mịn không_lì uống trôi,0023-02-27,08:12,3,422205988,neutral,1,1,neutral,27,Saturday,2,1
21727,360,Độ che phủ không cao. Chấm lên vẫn còn nhìn thấy thâm.,độ phủ không_chấm thâm,0022-07-11,20:17,1,100610003,negative,0,0,negative,22,Saturday,2,1
21729,617,Tốt,tốt,0018-04-02,14:21,3,100610003,neutral,1,0,neutral,3,Saturday,2,1
21731,1016,Nhanh xuống tone quá,tông,0022-09-09,20:45,1,249400018,negative,0,0,negative,4,Wednesday,2,2
21732,1016,Nhanh xuống tone quá,tông,0022-09-09,20:45,1,249400018,negative,0,0,negative,4,Wednesday,2,2
21733,480,"son dưỡng này chỉ có tác dụng lúc bôi để đỡ khô. xong trôi rồi thì ko thấy dưỡng ẩm hay mềm môi gì nữa. giá rẻ nhưng chất son mềm, dùng nhanh hết",dưỡng bôi khô trôi không_thấy dưỡng ẩm_mềm_môi giá rẻ chất mềm,0022-10-18,20:11,3,208200019,neutral,1,0,neutral,62,Sunday,2,3
21734,481,Xài ổn,ổn,0022-06-11,18:22,3,208200019,neutral,1,0,neutral,2,Thursday,2,3
21735,706,"vỏ đẹp mẫu mã đẹp thôi, chớ vẽ lên ko oke, mực ra không đều. quá nhạt.",vỏ đẹp mẫu_mã đẹp vẽ không_mực không_đều nhạt,0024-08-09,10:52,2,422215814,negative,0,1,negative,45,Wednesday,2,2
21736,1022,"thoa nó mềm môi đc moitj lát xong cx y như cũ, chán nha",mềm_môi moitj_lát cũ chán,0022-10-18,22:29,3,422205335,neutral,0,2,neutral,25,Sunday,2,3
21737,1023,"tinh chất này dưỡng ẩm cũng thường không như quảng cáo, còn làm hồng môi cũng không thấy luôn đã qua một thời gian dùng. Nói chung tinh chất dưỡng này khá nhạt nhẽo",chất dưỡng_ẩm không_như quảng_cáo hồng_môi không_thấy thời chất_dưỡng nhạt_nhẽo,0022-07-24,11:17,3,422205335,neutral,0,1,neutral,79,Friday,2,2
21738,355,sản phẩm dùng oke hay không thì chưa biết nhưng giao cho mình sản phẩm mà dán keo lại miếng mút tán phấn ở trong dính phấn đã qua sử dụng và bụi phấn còn trong đó ở ngoài trầy xước rất nhiều . Mình rất không hài lòng khi nhận được sản phẩm này.,ổn không_thì dán mút tán_phấn dính phấn bụi_phấn trầy_xước không_hài_lòng,0021-12-24,20:37,3,205600086,neutral,2,1,neutral,73,Wednesday,2,2
21739,1026,Huhu ko biết dùng mn ơi! Thôi mua mấy cái bằng sắt kia dễ dùng hơn đó,sắt,0022-05-29,13:53,2,318100027,negative,0,1,negative,3,Friday,2,2
21740,1027,Bấm ko hề cong luôn,bấm không_hề,0022-04-11,12:41,1,318100027,negative,0,0,negative,12,Saturday,2,1
21741,1028,"Bấm ko cong, ko nên mua. Mua xong vứt lun ấy.",bấm không_không vứt,0022-04-04,17:53,1,318100027,negative,0,1,negative,19,Saturday,2,1
21742,1029,"mi mình cũng vừa k ngắn lắm, nhưng bấm k được, mua xong vứt 1 xó lun",không_ngắn bấm,0022-04-04,13:11,1,318100027,negative,0,0,negative,14,Saturday,2,1
21743,360,Độ che phủ không cao. Chấm lên vẫn còn nhìn thấy thâm.,độ phủ không_chấm thâm,0022-07-11,20:17,1,205600043,negative,0,0,negative,22,Saturday,2,1
21744,360,Độ che phủ không cao. Chấm lên vẫn còn nhìn thấy thâm.,độ phủ không_chấm thâm,0022-07-11,20:17,1,205600043,negative,0,0,negative,22,Saturday,2,1
21746,617,Tốt,tốt,0018-04-02,14:21,3,205600043,neutral,1,0,neutral,3,Saturday,2,1
21748,776,"Lông cọ khá cứng, mình mua M10. dùng vẫn kiểu bị chọc vào da, nên mọi ng lưu ý nhé",lông cọ cứng kiểu chọc lưu_ý,0023-04-12,22:02,3,100770031,neutral,0,0,neutral,28,Monday,2,1
21749,1052,"Loại này xài tự nhiên nhưng bị lem nhiều, giá lại mắc hơn các loại khác, k nên mua lại",tự_nhiên giá mắc không_nên,0022-10-25,09:08,1,422200916,negative,0,1,negative,26,Sunday,2,3
21750,776,"Lông cọ khá cứng, mình mua M10. dùng vẫn kiểu bị chọc vào da, nên mọi ng lưu ý nhé",lông cọ cứng kiểu chọc lưu_ý,0023-04-12,22:02,3,100770046,neutral,0,0,neutral,28,Monday,2,1
21751,865,"màu đỏ hồng chứ ko có miếng nào cam, độ bóng khá nhiều",màu đỏ_hồng miếng độ bóng,0024-05-04,16:20,3,422214310,neutral,0,0,neutral,25,Thursday,2,3
21752,865,"màu đỏ hồng chứ ko có miếng nào cam, độ bóng khá nhiều",màu đỏ_hồng miếng độ bóng,0024-05-04,16:20,3,422214310,neutral,0,0,neutral,25,Thursday,2,3
21753,786,Lên môi là màu đỏ chery chứ k phải đỏ cam . Khá thất vọng vì m ko hợp mà đỏ chery,môi màu đỏ đỏ thất_vọng không_hợp đỏ,0019-12-05,10:18,1,422205516,negative,0,2,negative,36,Tuesday,2,3
21754,501,bấm khó lâu ko cong được hết mi,bấm,0024-10-28,08:33,2,201100189,negative,0,0,negative,3,Saturday,2,1
21755,502,Bấm k đc 2 cái bằng nhau bấm k cong nổi mi,bấm không_được_cái bấm không_nổi,0024-07-02,02:19,2,201100189,negative,0,0,negative,32,Sunday,1,3
21756,504,"kẹp không cong mi, mình cố kẹp nhiều lần nhưng mi vẫn chỉ lên một chút, k cong nổi, nhỏ xinh tiền thiệt mà dùng k đc:(",kẹp không_mình cố kẹp không_nổi tiền không_đc,0023-03-08,16:17,3,201100189,neutral,0,0,neutral,45,Monday,2,1
21757,360,Có cong tầm 1 tiếng.,tầm tiếng,0022-05-25,18:11,3,201100189,neutral,0,0,neutral,9,Monday,2,1
21758,501,bấm khó lâu ko cong được hết mi,bấm,0024-10-28,08:33,2,201100189,negative,0,0,negative,3,Saturday,2,1
21759,502,Bấm k đc 2 cái bằng nhau bấm k cong nổi mi,bấm không_được_cái bấm không_nổi,0024-07-02,02:19,2,201100189,negative,0,0,negative,32,Sunday,1,3
21760,260,màu son đẹp. nhưng mình lại bị khô môi.,màu đẹp khô môi,0022-12-08,15:26,3,367800173,neutral,0,0,neutral,15,Tuesday,2,3
21761,302,"cũng bình thường, mùi thơm siêu cấp thơm nma không đủ đô với da môi mình, sẽ hong mua lại",bình_thường mùi thơm siêu_cấp thơm_nma không_đủ đô môi,0023-04-04,08:00,3,206200035,neutral,2,0,neutral,54,Sunday,2,3
21762,838,Thơm màu đẹp nhưng mà dùng xong thâm môi,thơm màu đẹp thâm_môi,0022-10-14,20:30,3,206200035,neutral,1,0,neutral,21,Wednesday,2,2
21763,481,Tạm được,tạm,0022-06-11,18:22,3,206200035,neutral,0,1,neutral,3,Thursday,2,3
21764,969,Sử dụng 1 lần cạo được cặp chân mày mà hết bén ròi cạo hông đứt nữa,cạo chân_mày bén_ròi cạo không_đứt,0022-04-21,19:06,3,249600008,neutral,0,0,neutral,34,Tuesday,2,3
21765,221,"Chỉ ở mức ổn, màu lên không quá đẹp và nổi bật, được cái rất lâu trôi, đánh có thể giữ tốt cả ngày, chất phấn mịn, về vỏ hộp hơi truyền thống. Những má nào bánh bèo thích diêm dúa màu sắc lấp lánh sương sa hột lựu thì cân nhắc hãng khác",ổn màu không_quá đẹp nổi_bật_được_cái trôi đánh tốt chất phấn_mịn vỏ hộp hơi truyền_thống má bánh_bèo thích diêm_dúa màu_sắc lấp_lánh sương lựu cân_nhắc hãng,0022-11-30,00:18,3,367800056,neutral,5,1,positive,157,Monday,3,1
21766,1078,"Nói chung là tiền nào của đó, dùng cọ tán mà phấn rơi đầy trên mắt",tiền cọ_tán phấn rơi mắt,0022-07-09,18:23,3,367800056,neutral,0,0,neutral,24,Thursday,2,3
21767,221,"Chỉ ở mức ổn, màu lên không quá đẹp và nổi bật, được cái rất lâu trôi, đánh có thể giữ tốt cả ngày, chất phấn mịn, về vỏ hộp hơi truyền thống. Những má nào bánh bèo thích diêm dúa màu sắc lấp lánh sương sa hột lựu thì cân nhắc hãng khác",ổn màu không_quá đẹp nổi_bật_được_cái trôi đánh tốt chất phấn_mịn vỏ hộp hơi truyền_thống má bánh_bèo thích diêm_dúa màu_sắc lấp_lánh sương lựu cân_nhắc hãng,0022-11-30,00:18,3,367800056,neutral,5,1,positive,157,Monday,3,1
21768,501,bấm khó lâu ko cong được hết mi,bấm,0024-10-28,08:33,2,201100067,negative,0,0,negative,3,Saturday,2,1
21769,502,Bấm k đc 2 cái bằng nhau bấm k cong nổi mi,bấm không_được_cái bấm không_nổi,0024-07-02,02:19,2,201100067,negative,0,0,negative,32,Sunday,1,3
21770,504,"kẹp không cong mi, mình cố kẹp nhiều lần nhưng mi vẫn chỉ lên một chút, k cong nổi, nhỏ xinh tiền thiệt mà dùng k đc:(",kẹp không_mình cố kẹp không_nổi tiền không_đc,0023-03-08,16:17,3,201100067,neutral,0,0,neutral,45,Monday,2,1
21771,360,Có cong tầm 1 tiếng.,tầm tiếng,0022-05-25,18:11,3,201100067,neutral,0,0,neutral,9,Monday,2,1
21772,501,bấm khó lâu ko cong được hết mi,bấm,0024-10-28,08:33,2,201100067,negative,0,0,negative,3,Saturday,2,1
21773,502,Bấm k đc 2 cái bằng nhau bấm k cong nổi mi,bấm không_được_cái bấm không_nổi,0024-07-02,02:19,2,201100067,negative,0,0,negative,32,Sunday,1,3
21774,1082,"Dạng phấn bình thường, màu nhạt, lên màu hồng nhạt chứ k ra cam gì cả. Khá thất vọng",dạng phấn_bình_thường màu nhạt màu hồng_nhạt thất_vọng,0021-07-10,12:02,3,422200621,neutral,0,1,neutral,54,Thursday,2,3
21775,1087,"màu lên chuẩn nhưng đầu kẻ dễ gãy, mới kẻ thử đã gãy một phần",màu chuẩn đầu_kẻ gãy thử gãy,0022-04-03,20:31,2,309300128,negative,0,0,negative,28,Friday,2,2
21776,892,"theo mình thì kem này phù hợp với da dầu hơn, bôi lên da bị mốc ( mình dùng 1 lượng nhỏ) ,da mình dưỡng ẩm sáng lẫn tối nhưng đánh vẫn mốc ko tệp da",dầu bôi mốc dưỡng ẩm_sáng tối đánh mốc,0023-01-05,13:38,3,367800166,neutral,2,1,neutral,38,Tuesday,2,3
21777,1016,Nhanh xuống tone quá,tông,0022-09-09,20:45,1,249400017,negative,0,0,negative,4,Wednesday,2,2
21778,1016,Nhanh xuống tone quá,tông,0022-09-09,20:45,1,249400017,negative,0,0,negative,4,Wednesday,2,2
21779,260,màu son đẹp. nhưng mình lại bị khô môi.,màu đẹp khô môi,0022-12-08,15:26,3,367800172,neutral,0,0,neutral,15,Tuesday,2,3
21780,501,bấm khó lâu ko cong được hết mi,bấm,0024-10-28,08:33,2,201100176,negative,0,0,negative,3,Saturday,2,1
21781,502,Bấm k đc 2 cái bằng nhau bấm k cong nổi mi,bấm không_được_cái bấm không_nổi,0024-07-02,02:19,2,201100176,negative,0,0,negative,32,Sunday,1,3
21782,504,"kẹp không cong mi, mình cố kẹp nhiều lần nhưng mi vẫn chỉ lên một chút, k cong nổi, nhỏ xinh tiền thiệt mà dùng k đc:(",kẹp không_mình cố kẹp không_nổi tiền không_đc,0023-03-08,16:17,3,201100176,neutral,0,0,neutral,45,Monday,2,1
21783,360,Có cong tầm 1 tiếng.,tầm tiếng,0022-05-25,18:11,3,201100176,neutral,0,0,neutral,9,Monday,2,1
21784,501,bấm khó lâu ko cong được hết mi,bấm,0024-10-28,08:33,2,201100176,negative,0,0,negative,3,Saturday,2,1
21785,502,Bấm k đc 2 cái bằng nhau bấm k cong nổi mi,bấm không_được_cái bấm không_nổi,0024-07-02,02:19,2,201100176,negative,0,0,negative,32,Sunday,1,3
21786,504,"kẹp không cong mi, mình cố kẹp nhiều lần nhưng mi vẫn chỉ lên một chút, k cong nổi, nhỏ xinh tiền thiệt mà dùng k đc:(",kẹp không_mình cố kẹp không_nổi tiền không_đc,0023-03-08,16:17,3,201100176,neutral,0,0,neutral,45,Monday,2,1
21787,1117,"Da mình dùng cảm thấy k hợp, dùng 1h30p sau đã đổ dầu lại, và bị mụn liti, phù hợp cho mấy bạn ngồi máy lạnh hơn, che phủ lcl ổn. Pass lại cho bạn nào muốn thử mới dùng 1 lần 190k, thiện chí nhanh gọn lẹ ạ",không_hợp đổ dầu mụn liti máy_lạnh phủ lcl ổn thử thiện_chí gọn lẹ,0022-10-11,10:13,3,367800005,neutral,3,1,neutral,66,Sunday,2,3
21788,237,Thấy mấy bạn đáng giá khen quá mua dùng thử..mà xài cũng ko thấy hiệu quả cho lắm,đáng_giá thử không_thấy hiệu_quả,0022-03-16,20:20,3,367800005,neutral,1,0,neutral,32,Monday,2,1
21789,221,"Ưu điểm: Rẻ Nhược điểm: Che chỉ được khoảng 60-70%, không có gì nổi bật trong giới che khuyết điểm Nói chung là nếu nền da xấu thì nên xem xét hãng khác",ưu_điểm rẻ nhược_điểm nổi_bật_giới khuyết_điểm xấu xét hãng,0022-11-30,00:10,3,422201005,neutral,1,1,neutral,59,Monday,3,1
21790,1123,"Mọi ng xem đầu cọ của mình sau khi sd dc 1 tg nè =)))) tự dưng biến đâu mất tiêu làm kb phải dùng thế nào lun @@ Nhưng xét về chất thì em nó cũng ổn, độ che phủ ok và bám cũng khá lâu, chỉ có điều rất dễ dính ra khẩu trang",đầu_cọ thời tự_dưng_biến mất_tiêu kết_bạn xét chất ổn_độ phủ_ổn bám dính,0022-03-22,09:07,3,422201005,neutral,2,0,neutral,72,Sunday,2,3
21791,786,Lên môi là màu đỏ chery chứ k phải đỏ cam . Khá thất vọng vì m ko hợp mà đỏ chery,môi màu đỏ đỏ thất_vọng không_hợp đỏ,0019-12-05,10:18,1,422205518,negative,0,2,negative,36,Tuesday,2,3
21792,776,"Lông cọ khá cứng, mình mua M10. dùng vẫn kiểu bị chọc vào da, nên mọi ng lưu ý nhé",lông cọ cứng kiểu chọc lưu_ý,0023-04-12,22:02,3,100770037,neutral,0,0,neutral,28,Monday,2,1
21793,1022,"thoa nó mềm môi đc moitj lát xong cx y như cũ, chán nha",mềm_môi moitj_lát cũ chán,0022-10-18,22:29,3,422205334,neutral,0,2,neutral,25,Sunday,2,3
21794,1023,"tinh chất này dưỡng ẩm cũng thường không như quảng cáo, còn làm hồng môi cũng không thấy luôn đã qua một thời gian dùng. Nói chung tinh chất dưỡng này khá nhạt nhẽo",chất dưỡng_ẩm không_như quảng_cáo hồng_môi không_thấy thời chất_dưỡng nhạt_nhẽo,0022-07-24,11:17,3,422205334,neutral,0,1,neutral,79,Friday,2,2
21795,1137,dễ gãy,gãy,0022-11-10,14:51,1,249400086,negative,0,0,negative,3,Tuesday,2,3
21796,1138,"Dễ gãy, dễ lem",gãy,0022-09-01,23:32,2,249400086,negative,0,0,negative,3,Tuesday,2,3
21797,1016,Dễ gãy đầu to quá mau lem nữa,gãy đầu,0022-09-01,18:16,1,249400086,negative,0,0,negative,7,Tuesday,2,3
21798,70,"Màu nâu này tự nhiên , sài thích lắm vì mắt không bị quạo",màu nâu tự_nhiên thích mắt không_bị,0022-01-16,01:37,3,249400086,neutral,1,0,neutral,35,Friday,1,2
21799,786,Lên môi là màu đỏ chery chứ k phải đỏ cam . Khá thất vọng vì m ko hợp mà đỏ chery,môi màu đỏ đỏ thất_vọng không_hợp đỏ,0019-12-05,10:18,1,422205517,negative,0,2,negative,36,Tuesday,2,3
21800,804,"Chất son mịn nhưng ko lì mọi người ơi, uống nước thôi cũng trôi hết son",chất mịn không_lì uống trôi,0023-02-27,08:12,3,422205991,neutral,1,1,neutral,27,Saturday,2,1
21801,282,dùng OK dễ sử dụng nên mua,ổn,0022-01-04,12:12,3,100760008,neutral,2,0,neutral,2,Sunday,2,3
21802,221,"Ưu điểm: Rẻ Nhược điểm: Che chỉ được khoảng 60-70%, không có gì nổi bật trong giới che khuyết điểm Nói chung là nếu nền da xấu thì nên xem xét hãng khác",ưu_điểm rẻ nhược_điểm nổi_bật_giới khuyết_điểm xấu xét hãng,0022-11-30,00:10,3,422201004,neutral,1,1,neutral,59,Monday,3,1
21803,1123,"Mọi ng xem đầu cọ của mình sau khi sd dc 1 tg nè =)))) tự dưng biến đâu mất tiêu làm kb phải dùng thế nào lun @@ Nhưng xét về chất thì em nó cũng ổn, độ che phủ ok và bám cũng khá lâu, chỉ có điều rất dễ dính ra khẩu trang",đầu_cọ thời tự_dưng_biến mất_tiêu kết_bạn xét chất ổn_độ phủ_ổn bám dính,0022-03-22,09:07,3,422201004,neutral,2,0,neutral,72,Sunday,2,3
21804,1144,"mình đag xài, môi thấy khô, k lên màu như quảng cáo, hơi buồn!",xài môi khô không_lên màu quảng_cáo hơi buồn,0022-09-12,14:29,3,343100009,neutral,0,1,neutral,44,Saturday,2,1
21805,1146,"M test tại cửa hàng, thấm nhanh như serum và ko để lại độ ẩm gì",test cửa_hàng thấm độ_ẩm,0021-11-27,16:12,2,343100009,negative,0,0,negative,24,Thursday,2,3
21806,1147,"son k lên màu như hình. mới bôi thì mướt môi, nhg 1 lúc sau cảm giác môi bị khô.",không_lên bôi môi môi khô,0020-10-21,14:45,2,343100009,negative,0,0,negative,25,Monday,2,1
21807,346,bé vãi chưỡng,bé vãi,0022-03-04,19:57,3,422204863,neutral,0,0,neutral,6,Wednesday,2,2
21808,501,bấm khó lâu ko cong được hết mi,bấm,0024-10-28,08:33,2,201100225,negative,0,0,negative,3,Saturday,2,1
21809,502,Bấm k đc 2 cái bằng nhau bấm k cong nổi mi,bấm không_được_cái bấm không_nổi,0024-07-02,02:19,2,201100225,negative,0,0,negative,32,Sunday,1,3
21810,504,"kẹp không cong mi, mình cố kẹp nhiều lần nhưng mi vẫn chỉ lên một chút, k cong nổi, nhỏ xinh tiền thiệt mà dùng k đc:(",kẹp không_mình cố kẹp không_nổi tiền không_đc,0023-03-08,16:17,3,201100225,neutral,0,0,neutral,45,Monday,2,1
21811,360,Có cong tầm 1 tiếng.,tầm tiếng,0022-05-25,18:11,3,201100225,neutral,0,0,neutral,9,Monday,2,1
21812,501,bấm khó lâu ko cong được hết mi,bấm,0024-10-28,08:33,2,201100225,negative,0,0,negative,3,Saturday,2,1
21813,502,Bấm k đc 2 cái bằng nhau bấm k cong nổi mi,bấm không_được_cái bấm không_nổi,0024-07-02,02:19,2,201100225,negative,0,0,negative,32,Sunday,1,3
21814,1082,"Dạng phấn bình thường, màu nhạt, lên màu hồng nhạt chứ k ra cam gì cả. Khá thất vọng",dạng phấn_bình_thường màu nhạt màu hồng_nhạt thất_vọng,0021-07-10,12:02,3,422200620,neutral,0,1,neutral,54,Thursday,2,3
21815,831,Dễ lem và lâu khô nhé.Nên chuốt mi nhẹ nhàng và mỏng thôi,khô chuốt_nhẹ_nhàng mỏng,0022-05-23,14:19,3,249400001,neutral,0,1,neutral,24,Saturday,2,1
21816,892,"theo mình thì kem này phù hợp với da dầu hơn, bôi lên da bị mốc ( mình dùng 1 lượng nhỏ) ,da mình dưỡng ẩm sáng lẫn tối nhưng đánh vẫn mốc ko tệp da",dầu bôi mốc dưỡng ẩm_sáng tối đánh mốc,0023-01-05,13:38,3,367800167,neutral,2,1,neutral,38,Tuesday,2,3
21817,804,"Chất son mịn nhưng ko lì mọi người ơi, uống nước thôi cũng trôi hết son",chất mịn không_lì uống trôi,0023-02-27,08:12,3,422205990,neutral,1,1,neutral,27,Saturday,2,1
21818,1164,Ngòi bút kẻ đầu khá to. Không phù hợp vs ng mới tập tành vẽ vì nét khá dày,ngòi_bút đầu không_phù_hợp tập_tành vẽ nét dày,0023-03-17,15:16,3,422206785,neutral,2,1,neutral,46,Wednesday,2,2
21819,192,Mau trôi,trôi,0022-10-18,19:01,1,422207004,negative,0,0,negative,4,Sunday,2,3
21820,704,Phấn phủ tone sáng mà đánh lên giảm 2 tone luôn,phấn phủ tông đánh tông,0022-10-14,13:50,1,422207004,negative,0,0,negative,23,Wednesday,2,2
21821,1173,"Mùi khá khó chịu , trải nhiều lần , rát lâu mới đạt được độ dài dày như ý muốn. Ko bằng macara kissme của nhật",mùi khó_chịu_trải rát độ dày không_bằng macara_kisme nhật,0022-07-14,12:48,3,343100051,neutral,0,2,neutral,57,Tuesday,2,3
21822,1174,"Mình thấy em này xài bị lem, cay mắt, khó chịu hơn mấy hãng khác mình đã từng dùng. Mình mua trực tiếp tại cửa hàng. NV tư vấn nhưng xài vẫn k như mong đợi.",mắt khó_chịu hãng cửa_hàng tư_vấn không_như đợi,0022-05-22,09:09,2,343100051,negative,0,2,negative,47,Friday,2,2
21823,192,Mau trôi,trôi,0022-10-18,19:01,1,422207003,negative,0,0,negative,4,Sunday,2,3
21824,704,Phấn phủ tone sáng mà đánh lên giảm 2 tone luôn,phấn phủ tông đánh tông,0022-10-14,13:50,1,422207003,negative,0,0,negative,23,Wednesday,2,2
21825,356,màu trên web thì trầm hơn. màu phấn thực tế là màu cam gạch. phấn lên màu đậm. ko bị phai,màu trầm màu gạch phấn màu đậm,0021-03-22,12:15,3,201100107,neutral,0,0,neutral,30,Saturday,2,1
21826,1087,"màu lên chuẩn nhưng đầu kẻ dễ gãy, mới kẻ thử đã gãy một phần",màu chuẩn đầu_kẻ gãy thử gãy,0022-04-03,20:31,2,309300127,negative,0,0,negative,28,Friday,2,2
21827,1181,"Bút vẽ lần đầu ra mực, lần sau ko ra hoặc chỉ ra nhạt màu xám rồi k ra mực tiếp nữa",bút vẽ đầu mực không_hoặc nhạt màu xám không_mực tiếp,0022-01-17,20:08,1,249400219,negative,0,0,negative,53,Saturday,2,1
21828,282,dùng OK dễ sử dụng nên mua,ổn,0022-01-04,12:12,3,422204930,neutral,2,0,neutral,2,Sunday,2,3
21829,1194,kẻ lên tay thì ra mực mà lên mắt thì k thấy đâu. Đè mạnh xuống mới ra mực nên vài lần đã tè đầu bút.Rất thất vọng.Mn nên cân nhắc!!!,mực mắt không_thấy đè mực tè đầu bút thất_vọng cân,0022-07-01,14:40,2,422203927,negative,0,1,negative,50,Wednesday,2,2
21830,1195,Bút này mực ra không đều. Mọi người cân nhắc nha.,bút mực không_đều,0022-05-17,14:49,2,422203927,negative,0,1,negative,17,Sunday,2,3
21831,1196,Bút bị khô đầu cọ ko kẻ được gì,bút khô đầu_cọ không_kẻ,0022-02-06,19:46,2,422203927,negative,0,0,negative,23,Friday,2,2
21832,950,"thấy ghi màu 21 cho da sáng hồng. cơ mà đánh lên thấy da hơi tối. còn lại chất kem mỏng nhẹ, tự nhiên, che phủ tương đối. vì k hợp màu da nên đành bye bye. thật tiếc",màu đánh hơi tối chất mỏng nhẹ tự_nhiên phủ tương_đối không_hợp màu đành bye_bye tiếc,0019-04-18,00:19,3,352100002,neutral,0,1,neutral,85,Tuesday,3,3
21833,892,"theo mình thì kem này phù hợp với da dầu hơn, bôi lên da bị mốc ( mình dùng 1 lượng nhỏ) ,da mình dưỡng ẩm sáng lẫn tối nhưng đánh vẫn mốc ko tệp da",dầu bôi mốc dưỡng ẩm_sáng tối đánh mốc,0023-01-05,13:38,3,422217078,neutral,2,1,neutral,38,Tuesday,2,3
21834,494,"Màu nâu nhưng cũng ko sáng lắm đâu. Chì mềm lắm luôn, vẽ lên sẽ thấy hơi bết, cần tán lại bằng chổi, chứ ko gẩy sợi đc (trc khi vẽ mày, mình đã cẩn thận dùng giấy thấm dầu lấy hết các dầu thừa từ KCN). Da mình dầu, thấy cũng trôi kha khá đó. Hơn nữa dùng hao rất nhanh, chưa dùng cái chì nào hao nhanh như cái này!",màu nâu không_sáng chì_mềm vẽ hơi bết tán chổi không_gẩy sợi vẽ cẩn_thận giấy_thấm dầu dầu_thừa kcn dầu trôi chì,0022-09-09,16:09,3,249400079,neutral,1,3,neutral,112,Wednesday,2,2
21835,865,"màu đỏ hồng chứ ko có miếng nào cam, độ bóng khá nhiều",màu đỏ_hồng miếng độ bóng,0024-05-04,16:20,3,333900004,neutral,0,0,neutral,25,Thursday,2,3
21836,865,"màu đỏ hồng chứ ko có miếng nào cam, độ bóng khá nhiều",màu đỏ_hồng miếng độ bóng,0024-05-04,16:20,3,333900004,neutral,0,0,neutral,25,Thursday,2,3
21837,1207,"Son dưỡng khá tốt, nhưng nút vặn mới dùng 1 tháng đã hư rồi",dưỡng tốt nút_vặn hư,0019-09-08,14:40,3,331500002,neutral,1,0,neutral,20,Friday,2,2
21838,1208,Không vón cục nhưng rất rất là lâu khô. Bấm mi cong rồi chuốt mascara vô đợi khô là mi thẳng tưng. Quá thất vọng,không_vón_cục khô bấm chuốt mascara vô_đợi khô thẳng tưng,0022-03-03,15:04,2,422200489,negative,1,2,negative,57,Tuesday,2,3
21839,1207,"Son dưỡng khá tốt, nhưng nút vặn mới dùng 1 tháng đã hư rồi",dưỡng tốt nút_vặn hư,0019-09-08,14:40,3,331500010,neutral,1,0,neutral,20,Friday,2,2
21840,494,"Màu nâu nhưng cũng ko sáng lắm đâu. Chì mềm lắm luôn, vẽ lên sẽ thấy hơi bết, cần tán lại bằng chổi, chứ ko gẩy sợi đc (trc khi vẽ mày, mình đã cẩn thận dùng giấy thấm dầu lấy hết các dầu thừa từ KCN). Da mình dầu, thấy cũng trôi kha khá đó. Hơn nữa dùng hao rất nhanh, chưa dùng cái chì nào hao nhanh như cái này!",màu nâu không_sáng chì_mềm vẽ hơi bết tán chổi không_gẩy sợi vẽ cẩn_thận giấy_thấm dầu dầu_thừa kcn dầu trôi chì,0022-09-09,16:09,3,422201002,neutral,1,3,neutral,112,Wednesday,2,2
21841,804,"Chất son mịn nhưng ko lì mọi người ơi, uống nước thôi cũng trôi hết son",chất mịn không_lì uống trôi,0023-02-27,08:12,3,422205992,neutral,1,1,neutral,27,Saturday,2,1
21842,1214,"màu đẹp nhưng khoảng 30p là bắt đầu len nhem xuống mi dưới, sẽ hk mua lại.",màu đẹp bắt_đầu_nhem,0023-03-30,07:21,3,249400088,neutral,0,0,neutral,20,Tuesday,3,3
21843,512,"lem ko chê vào đâu đc lun. ko bám màu, trôi ngay tức khắc",không_chê không_bám màu trôi,0022-09-20,00:56,1,249400088,negative,0,1,negative,28,Sunday,3,3
21844,1215,Đầu bút to quá,đầu bút,0022-09-10,19:34,2,249400088,negative,0,0,negative,7,Thursday,2,3
21845,1216,"bút mới giao, khui kẻ liền mà vừa kẻ gãy luôn, mn ko nên mua cây này đâu ạ, phí tiền lắm luôn",bút liền gãy không_nên ạ_phí tiền,0022-06-25,14:48,2,249400088,negative,0,3,negative,33,Thursday,2,3
21846,1217,"Nét bút tròn khó vẽ. Thân chì không ôm sát nên lúc vẽ nó cứ bị lung lay í. Với vẽ xong về khó tẩy trang, tẩy không kỹ là đau mắt. Hôm nào vẽ bằng cây này thì i như là bị đau mắt đỏ tới nơi.",nét bút_tròn vẽ thân chì không_ôm sát vẽ lay vẽ tẩy_tẩy không_kỹ đau_mắt hôm vẽ đau mắt đỏ,0022-05-17,10:16,3,249400088,neutral,0,2,neutral,90,Sunday,2,3
21847,1214,"màu đẹp nhưng khoảng 30p là bắt đầu len nhem xuống mi dưới, sẽ hk mua lại.",màu đẹp bắt_đầu_nhem,0023-03-30,07:21,3,249400088,neutral,0,0,neutral,20,Tuesday,3,3
21848,1219,"nhanh lem, khó dùng. Mới 1,2 tiếng mà lem xuống dưới đen hết cả mắt, khó chịu cực.",tiếng đen mắt khó_chịu cực,0022-07-02,13:27,1,201100300,negative,0,1,negative,26,Thursday,2,3
21849,1220,Khó kẻ kinh khủng đầu bút to dù đã gọt rồi nhưng đi 2 3 đường thì lại to lại không chống nước chút nào đâu nói chung là đường mua không đáng tiền chút nào tui mua đại cây có 20k còn dễ kẻ hơn nhiều á.,khủng_đầu bút gọt đi đường lại_lại không_chống đường_không tiền đại_cây,0022-05-20,15:34,1,201100300,negative,1,1,negative,71,Wednesday,2,2
21850,196,"Có đầu gọt tiện lợi Tuy nhiên nhanh trôi đối với da dầu Nếu đi uống cf tám chuyện 1, 2 tiếng thì ok",đầu gọt tiện_lợi_nhiên trôi dầu đi uống tiếng ổn,0020-09-04,22:44,3,201100300,neutral,2,0,neutral,48,Wednesday,2,2
21851,1222,"Mình vừa mua màu O1 là màu sáng nhưng makeup lên thì rất vàng luôn ạ , , Hong sài được ý , lệch tone hẳn raaa mn cân nhắc nha",màu màu makeup vàng ạ_sử_dụng ý_lệch tông hẳn,0022-11-01,02:14,1,249400009,negative,0,1,negative,45,Sunday,1,3
21852,1223,"phấn k bám lắm,tông sáng nhưng tối hơn đã mình,kiềm dầu ổn",phấn không_bám tông tối kiềm dầu ổn,0022-05-07,07:29,3,249400009,neutral,1,0,neutral,35,Thursday,3,3
21853,1224,không ý_kiến,không,0021-07-09,11:18,1,249400009,negative,0,0,negative,5,Wednesday,2,2
21854,1214,"màu đẹp nhưng khoảng 30p là bắt đầu len nhem xuống mi dưới, sẽ hk mua lại.",màu đẹp bắt_đầu_nhem,0023-03-30,07:21,3,249400085,neutral,0,0,neutral,20,Tuesday,3,3
21855,512,"lem ko chê vào đâu đc lun. ko bám màu, trôi ngay tức khắc",không_chê không_bám màu trôi,0022-09-20,00:56,1,249400085,negative,0,1,negative,28,Sunday,3,3
21856,1215,Đầu bút to quá,đầu bút,0022-09-10,19:34,2,249400085,negative,0,0,negative,7,Thursday,2,3
21857,1216,"bút mới giao, khui kẻ liền mà vừa kẻ gãy luôn, mn ko nên mua cây này đâu ạ, phí tiền lắm luôn",bút liền gãy không_nên ạ_phí tiền,0022-06-25,14:48,2,249400085,negative,0,3,negative,33,Thursday,2,3
21858,1217,"Nét bút tròn khó vẽ. Thân chì không ôm sát nên lúc vẽ nó cứ bị lung lay í. Với vẽ xong về khó tẩy trang, tẩy không kỹ là đau mắt. Hôm nào vẽ bằng cây này thì i như là bị đau mắt đỏ tới nơi.",nét bút_tròn vẽ thân chì không_ôm sát vẽ lay vẽ tẩy_tẩy không_kỹ đau_mắt hôm vẽ đau mắt đỏ,0022-05-17,10:16,3,249400085,neutral,0,2,neutral,90,Sunday,2,3
21859,1214,"màu đẹp nhưng khoảng 30p là bắt đầu len nhem xuống mi dưới, sẽ hk mua lại.",màu đẹp bắt_đầu_nhem,0023-03-30,07:21,3,249400085,neutral,0,0,neutral,20,Tuesday,3,3
21860,512,"lem ko chê vào đâu đc lun. ko bám màu, trôi ngay tức khắc",không_chê không_bám màu trôi,0022-09-20,00:56,1,249400085,negative,0,1,negative,28,Sunday,3,3
21861,238,Mascara xài chán dữ lắm. Ko đáng mua,mascara chán,0020-10-22,17:16,1,367800161,negative,0,3,negative,12,Tuesday,2,3
21862,875,"son lên màu tươi hơn trong hình nhiều, màu DL03 thì sắc cam nhiều hơn, ko thấy nâu lắm.",màu tươi hình màu sắc không_thấy nâu,0023-05-15,14:36,3,422209488,neutral,0,0,neutral,36,Saturday,2,1
21863,1194,kẻ lên tay thì ra mực mà lên mắt thì k thấy đâu. Đè mạnh xuống mới ra mực nên vài lần đã tè đầu bút.Rất thất vọng.Mn nên cân nhắc!!!,mực mắt không_thấy đè mực tè đầu bút thất_vọng cân,0022-07-01,14:40,2,422203928,negative,0,1,negative,50,Wednesday,2,2
21864,1195,Bút này mực ra không đều. Mọi người cân nhắc nha.,bút mực không_đều,0022-05-17,14:49,2,422203928,negative,0,1,negative,17,Sunday,2,3
21865,1196,Bút bị khô đầu cọ ko kẻ được gì,bút khô đầu_cọ không_kẻ,0022-02-06,19:46,2,422203928,negative,0,0,negative,23,Friday,2,2
21866,1235,"K dùng dc, bấm mi k cong mà cong gây rụng mi",bấm không_mà,0022-10-23,18:19,1,422205003,negative,0,1,negative,12,Friday,2,2
21867,1236,khó xài bấm k hề cong mi gì cả,bấm không_hề,0022-04-15,20:15,1,422205003,negative,0,0,negative,12,Wednesday,2,2
21868,736,"em này mình cảm giác lên môi hơi khô k dưỡng ẩm tốt lắm, dùng các son bóng cũng dạng oil khác nhưng k có cảm giác khó chịu giống cái này",cảm_giác môi hơi khô không_dưỡng ẩm tốt bóng dạng cảm_giác khó_chịu,0022-05-24,13:21,3,256700023,neutral,1,1,neutral,67,Sunday,2,3
21869,1242,mình không hiểu sao nhưng sdung loại này lại không hiệu quả như dòng này luôn nhưng dạng thỏi đợt trước mình có mua dạng thỏi rồi sdung rất oke nên lần này mua loại hủ để xài lâu hơn thì nó cứ khô khô vô thưởng vô phạt kiểu gì á :'D chuyên biệt cho môi khô nứt nẻ nhưng xài còn khô hơn,không_hiểu sdung_loại không_hiệu_quả dòng dạng thỏi đợt dạng thỏi sdung ổn hủ khô khô vô_thưởng vô_phạt kiểu á_chuyên_biệt môi khô nứt_nẻ khô,0022-01-06,19:17,3,422201693,neutral,3,2,neutral,141,Tuesday,2,3
21870,1164,Ngòi bút kẻ đầu khá to. Không phù hợp vs ng mới tập tành vẽ vì nét khá dày,ngòi_bút đầu không_phù_hợp tập_tành vẽ nét dày,0023-03-17,15:16,3,422217715,neutral,2,1,neutral,46,Wednesday,2,2
21871,1207,"Son dưỡng khá tốt, nhưng nút vặn mới dùng 1 tháng đã hư rồi",dưỡng tốt nút_vặn hư,0019-09-08,14:40,3,331500001,neutral,1,0,neutral,20,Friday,2,2
21872,494,"Màu nâu nhưng cũng ko sáng lắm đâu. Chì mềm lắm luôn, vẽ lên sẽ thấy hơi bết, cần tán lại bằng chổi, chứ ko gẩy sợi đc (trc khi vẽ mày, mình đã cẩn thận dùng giấy thấm dầu lấy hết các dầu thừa từ KCN). Da mình dầu, thấy cũng trôi kha khá đó. Hơn nữa dùng hao rất nhanh, chưa dùng cái chì nào hao nhanh như cái này!",màu nâu không_sáng chì_mềm vẽ hơi bết tán chổi không_gẩy sợi vẽ cẩn_thận giấy_thấm dầu dầu_thừa kcn dầu trôi chì,0022-09-09,16:09,3,249400078,neutral,1,3,neutral,112,Wednesday,2,2
21873,1246,Không có nút đặt hàng,nút,0024-09-27,10:12,2,297700024,negative,0,0,negative,3,Wednesday,2,2
21874,1207,"Son dưỡng khá tốt, nhưng nút vặn mới dùng 1 tháng đã hư rồi",dưỡng tốt nút_vặn hư,0019-09-08,14:40,3,331500003,neutral,1,0,neutral,20,Friday,2,2
21875,1207,"Son dưỡng khá tốt, nhưng nút vặn mới dùng 1 tháng đã hư rồi",dưỡng tốt nút_vặn hư,0019-09-08,14:40,3,331500004,neutral,1,0,neutral,20,Friday,2,2
21876,1251,dán lên cực kì lộ luôn,dán cực_kì_lộ,0023-01-12,13:27,2,201100050,negative,0,0,negative,13,Tuesday,2,3
21877,1087,"màu lên chuẩn nhưng đầu kẻ dễ gãy, mới kẻ thử đã gãy một phần",màu chuẩn đầu_kẻ gãy thử gãy,0022-04-03,20:31,2,309300126,negative,0,0,negative,28,Friday,2,2
21878,501,bấm khó lâu ko cong được hết mi,bấm,0024-10-28,08:33,2,422224839,negative,0,0,negative,3,Saturday,2,1
21879,502,Bấm k đc 2 cái bằng nhau bấm k cong nổi mi,bấm không_được_cái bấm không_nổi,0024-07-02,02:19,2,422224839,negative,0,0,negative,32,Sunday,1,3
21880,504,"kẹp không cong mi, mình cố kẹp nhiều lần nhưng mi vẫn chỉ lên một chút, k cong nổi, nhỏ xinh tiền thiệt mà dùng k đc:(",kẹp không_mình cố kẹp không_nổi tiền không_đc,0023-03-08,16:17,3,422224839,neutral,0,0,neutral,45,Monday,2,1
21881,360,Có cong tầm 1 tiếng.,tầm tiếng,0022-05-25,18:11,3,422224839,neutral,0,0,neutral,9,Monday,2,1
21882,501,bấm khó lâu ko cong được hết mi,bấm,0024-10-28,08:33,2,422224839,negative,0,0,negative,3,Saturday,2,1
21883,502,Bấm k đc 2 cái bằng nhau bấm k cong nổi mi,bấm không_được_cái bấm không_nổi,0024-07-02,02:19,2,422224839,negative,0,0,negative,32,Sunday,1,3
21884,260,màu son đẹp. nhưng mình lại bị khô môi.,màu đẹp khô môi,0022-12-08,15:26,3,367800151,neutral,0,0,neutral,15,Tuesday,2,3
